<?xml version="1.0" encoding="UTF-8" standalone="no"?>
<oneoff_actions>
    <oracle.wls.libraries opt_req="O" symbol="wls.server.symbol" version="12.2.1.2.0">
        <jar class_name="modules/com.bea.core.weblogic.rmi.client.jar/weblogic/rjvm/ConnectionManager$SearchKey.class" name="com.bea.core.weblogic.rmi.client.jar" path="%ORACLE_HOME%/%SYMBOL%/modules" shaolue="A16604D06ADEACF67091318637341C39102E5098"/>
        <jar class_name="modules/com.bea.core.weblogic.rmi.client.jar/weblogic/rjvm/ConnectionManager.class" name="com.bea.core.weblogic.rmi.client.jar" path="%ORACLE_HOME%/%SYMBOL%/modules" shaolue="C4BBF461A00FA4A135622F033DD6DC019E689A7E"/>
    </oracle.wls.libraries>
    <oracle.wls.core.app.server opt_req="O" symbol="wls.server.symbol" version="12.2.1.2.0">
        <jar class_name="server/lib/wljmsra.rar/wlthint3client.jar/weblogic/rjvm/ConnectionManager$SearchKey.class" name="wljmsra.rar:wlthint3client.jar" path="%ORACLE_HOME%/%SYMBOL%/server/lib" shaolue="A16604D06ADEACF67091318637341C39102E5098"/>
        <jar class_name="server/lib/wljmsra.rar/wlthint3client.jar/weblogic/rjvm/ConnectionManager.class" name="wljmsra.rar:wlthint3client.jar" path="%ORACLE_HOME%/%SYMBOL%/server/lib" shaolue="C4BBF461A00FA4A135622F033DD6DC019E689A7E"/>
    </oracle.wls.core.app.server>
</oneoff_actions>
