<?xml version="1.0" encoding="UTF-8" standalone="no"?>
<oneoff_actions>
    <oracle.wls.jrf.tenancy.ee.only.sharedlib opt_req="O" version="12.2.1.2.0">
        <copy file_name="inventory/Components/oracle.wls.jrf.tenancy.ee.only.sharedlib/12.2.1.2.0/patches/20817351/oracle.wls.jrf.tenancy.ee.only.sharedlib_12.2.1.2.0.xdiff" name="oracle.wls.jrf.tenancy.ee.only.sharedlib_12.2.1.2.0.xdiff" path="%ORACLE_HOME%/inventory/Components/oracle.wls.jrf.tenancy.ee.only.sharedlib/12.2.1.2.0/patches/20817351" shaolue="749988C3F4355AC979093435503827D4B1CB83CF"/>
    </oracle.wls.jrf.tenancy.ee.only.sharedlib>
    <oracle.wls.jrf.tenancy.ee.only.sharedlib opt_req="O" symbol="wls.server.symbol" version="12.2.1.2.0">
        <jar class_name="modules/com.bea.core.weblogic.workmanager.jar/weblogic/i18n/i18n.properties" name="com.bea.core.weblogic.workmanager.jar" path="%ORACLE_HOME%/%SYMBOL%/modules" shaolue="9401B2063EA9CBE166A7C830759878A3E46602DC"/>
        <jar class_name="modules/com.bea.core.weblogic.workmanager.jar/weblogic/work/IncrementAdvisor$SmoothedStats.class" name="com.bea.core.weblogic.workmanager.jar" path="%ORACLE_HOME%/%SYMBOL%/modules" shaolue="3EB94E70F415DACE149EFB2B892C6B27C4E7480A"/>
        <jar class_name="modules/com.bea.core.weblogic.workmanager.jar/weblogic/work/IncrementAdvisor.class" name="com.bea.core.weblogic.workmanager.jar" path="%ORACLE_HOME%/%SYMBOL%/modules" shaolue="E44B365A20152F1065F4813F9EF3ABC31888B74C"/>
        <jar class_name="modules/com.bea.core.weblogic.workmanager.jar/weblogic/work/IncrementAdvisor2$SmoothedStats.class" name="com.bea.core.weblogic.workmanager.jar" path="%ORACLE_HOME%/%SYMBOL%/modules" shaolue="10BE2A040C51E206DD44B1069ED78BDC4DC450F6"/>
        <jar class_name="modules/com.bea.core.weblogic.workmanager.jar/weblogic/work/IncrementAdvisor2.class" name="com.bea.core.weblogic.workmanager.jar" path="%ORACLE_HOME%/%SYMBOL%/modules" shaolue="8DD1257443414D7B5F9E19EE9547AF68A388C6D0"/>
        <jar class_name="modules/com.bea.core.weblogic.workmanager.jar/weblogic/work/RequestManager$1.class" name="com.bea.core.weblogic.workmanager.jar" path="%ORACLE_HOME%/%SYMBOL%/modules" shaolue="1C34E73CA2B595A60C079102CB08763ACD1163A8"/>
        <jar class_name="modules/com.bea.core.weblogic.workmanager.jar/weblogic/work/RequestManager$2.class" name="com.bea.core.weblogic.workmanager.jar" path="%ORACLE_HOME%/%SYMBOL%/modules" shaolue="6ED211A5B56C623C28BC192FF0804925FB0ED390"/>
        <jar class_name="modules/com.bea.core.weblogic.workmanager.jar/weblogic/work/RequestManager$3.class" name="com.bea.core.weblogic.workmanager.jar" path="%ORACLE_HOME%/%SYMBOL%/modules" shaolue="1E3D246533EF8318AAE109D87F44A690A2C455D6"/>
        <jar class_name="modules/com.bea.core.weblogic.workmanager.jar/weblogic/work/RequestManager$4.class" name="com.bea.core.weblogic.workmanager.jar" path="%ORACLE_HOME%/%SYMBOL%/modules" shaolue="002EEA91938516BE3227C9376877AD162B7A381C"/>
        <jar class_name="modules/com.bea.core.weblogic.workmanager.jar/weblogic/work/RequestManager$ActivateRequest.class" name="com.bea.core.weblogic.workmanager.jar" path="%ORACLE_HOME%/%SYMBOL%/modules" shaolue="DDBAAED4943E733594C9A2F3CE95DC9F62EA5E53"/>
        <jar class_name="modules/com.bea.core.weblogic.workmanager.jar/weblogic/work/RequestManager$BufferQueueDrainer.class" name="com.bea.core.weblogic.workmanager.jar" path="%ORACLE_HOME%/%SYMBOL%/modules" shaolue="A002A7BEF6F3DEAF202B1913ECED6482892BEDAD"/>
        <jar class_name="modules/com.bea.core.weblogic.workmanager.jar/weblogic/work/RequestManager$DefaultStuckThreadAction.class" name="com.bea.core.weblogic.workmanager.jar" path="%ORACLE_HOME%/%SYMBOL%/modules" shaolue="4025A5702BA753B5B06A267DFBD5AD18371FD6E3"/>
        <jar class_name="modules/com.bea.core.weblogic.workmanager.jar/weblogic/work/RequestManager$ShutdownError.class" name="com.bea.core.weblogic.workmanager.jar" path="%ORACLE_HOME%/%SYMBOL%/modules" shaolue="BEE3FE9417A6E9B65FBB959801E83690BDB63933"/>
        <jar class_name="modules/com.bea.core.weblogic.workmanager.jar/weblogic/work/RequestManager$ShutdownRequest.class" name="com.bea.core.weblogic.workmanager.jar" path="%ORACLE_HOME%/%SYMBOL%/modules" shaolue="B50A18AFC337C9E2EDB491782C2A6708C4AB28E4"/>
        <jar class_name="modules/com.bea.core.weblogic.workmanager.jar/weblogic/work/RequestManager$ThreadLocalForceCleanupRequest.class" name="com.bea.core.weblogic.workmanager.jar" path="%ORACLE_HOME%/%SYMBOL%/modules" shaolue="05A5BC5FFD67DB447C7A1F3D99E9DD394D2EA93E"/>
        <jar class_name="modules/com.bea.core.weblogic.workmanager.jar/weblogic/work/RequestManager.class" name="com.bea.core.weblogic.workmanager.jar" path="%ORACLE_HOME%/%SYMBOL%/modules" shaolue="ECBC6A3561AC3AEB29974DE709D8BFB6CD648B99"/>
        <jar class_name="modules/com.bea.core.weblogic.workmanager.jar/weblogic/work/WorkManagerDumper.class" name="com.bea.core.weblogic.workmanager.jar" path="%ORACLE_HOME%/%SYMBOL%/modules" shaolue="296BE35FF36DB81867397ECEDE7590487DDD8407"/>
        <jar class_name="modules/com.bea.core.weblogic.workmanager.jar/weblogic/work/WorkManagerLogLocalizer.properties" name="com.bea.core.weblogic.workmanager.jar" path="%ORACLE_HOME%/%SYMBOL%/modules" shaolue="F6300699DBE49BF9285BBE8D18BE75C1BBFD8CAF"/>
        <jar class_name="modules/com.bea.core.weblogic.workmanager.jar/weblogic/work/WorkManagerLogLocalizerDetail.properties" name="com.bea.core.weblogic.workmanager.jar" path="%ORACLE_HOME%/%SYMBOL%/modules" shaolue="529319E8679070ADF967AB3494F8988721FB69E1"/>
        <jar class_name="modules/com.bea.core.weblogic.workmanager.jar/weblogic/work/WorkManagerLogger.class" name="com.bea.core.weblogic.workmanager.jar" path="%ORACLE_HOME%/%SYMBOL%/modules" shaolue="1224DCEDD16D5E3E770916790C6674E20D1A8772"/>
    </oracle.wls.jrf.tenancy.ee.only.sharedlib>
    <oracle.wls.core.app.server opt_req="O" symbol="wls.server.symbol" version="12.2.1.2.0">
        <jar class_name="server/lib/wljmsra.rar/wlthint3client.jar/weblogic/work/IncrementAdvisor$SmoothedStats.class" name="wljmsra.rar:wlthint3client.jar" path="%ORACLE_HOME%/%SYMBOL%/server/lib" shaolue="3EB94E70F415DACE149EFB2B892C6B27C4E7480A"/>
        <jar class_name="server/lib/wljmsra.rar/wlthint3client.jar/weblogic/work/IncrementAdvisor.class" name="wljmsra.rar:wlthint3client.jar" path="%ORACLE_HOME%/%SYMBOL%/server/lib" shaolue="E44B365A20152F1065F4813F9EF3ABC31888B74C"/>
        <jar class_name="server/lib/wljmsra.rar/wlthint3client.jar/weblogic/work/IncrementAdvisor2$SmoothedStats.class" name="wljmsra.rar:wlthint3client.jar" path="%ORACLE_HOME%/%SYMBOL%/server/lib" shaolue="10BE2A040C51E206DD44B1069ED78BDC4DC450F6"/>
        <jar class_name="server/lib/wljmsra.rar/wlthint3client.jar/weblogic/work/IncrementAdvisor2.class" name="wljmsra.rar:wlthint3client.jar" path="%ORACLE_HOME%/%SYMBOL%/server/lib" shaolue="8DD1257443414D7B5F9E19EE9547AF68A388C6D0"/>
        <jar class_name="server/lib/wljmsra.rar/wlthint3client.jar/weblogic/work/RequestManager$1.class" name="wljmsra.rar:wlthint3client.jar" path="%ORACLE_HOME%/%SYMBOL%/server/lib" shaolue="1C34E73CA2B595A60C079102CB08763ACD1163A8"/>
        <jar class_name="server/lib/wljmsra.rar/wlthint3client.jar/weblogic/work/RequestManager$2.class" name="wljmsra.rar:wlthint3client.jar" path="%ORACLE_HOME%/%SYMBOL%/server/lib" shaolue="6ED211A5B56C623C28BC192FF0804925FB0ED390"/>
        <jar class_name="server/lib/wljmsra.rar/wlthint3client.jar/weblogic/work/RequestManager$3.class" name="wljmsra.rar:wlthint3client.jar" path="%ORACLE_HOME%/%SYMBOL%/server/lib" shaolue="1E3D246533EF8318AAE109D87F44A690A2C455D6"/>
        <jar class_name="server/lib/wljmsra.rar/wlthint3client.jar/weblogic/work/RequestManager$4.class" name="wljmsra.rar:wlthint3client.jar" path="%ORACLE_HOME%/%SYMBOL%/server/lib" shaolue="002EEA91938516BE3227C9376877AD162B7A381C"/>
        <jar class_name="server/lib/wljmsra.rar/wlthint3client.jar/weblogic/work/RequestManager$ActivateRequest.class" name="wljmsra.rar:wlthint3client.jar" path="%ORACLE_HOME%/%SYMBOL%/server/lib" shaolue="DDBAAED4943E733594C9A2F3CE95DC9F62EA5E53"/>
        <jar class_name="server/lib/wljmsra.rar/wlthint3client.jar/weblogic/work/RequestManager$BufferQueueDrainer.class" name="wljmsra.rar:wlthint3client.jar" path="%ORACLE_HOME%/%SYMBOL%/server/lib" shaolue="A002A7BEF6F3DEAF202B1913ECED6482892BEDAD"/>
        <jar class_name="server/lib/wljmsra.rar/wlthint3client.jar/weblogic/work/RequestManager$DefaultStuckThreadAction.class" name="wljmsra.rar:wlthint3client.jar" path="%ORACLE_HOME%/%SYMBOL%/server/lib" shaolue="4025A5702BA753B5B06A267DFBD5AD18371FD6E3"/>
        <jar class_name="server/lib/wljmsra.rar/wlthint3client.jar/weblogic/work/RequestManager$ShutdownError.class" name="wljmsra.rar:wlthint3client.jar" path="%ORACLE_HOME%/%SYMBOL%/server/lib" shaolue="BEE3FE9417A6E9B65FBB959801E83690BDB63933"/>
        <jar class_name="server/lib/wljmsra.rar/wlthint3client.jar/weblogic/work/RequestManager$ShutdownRequest.class" name="wljmsra.rar:wlthint3client.jar" path="%ORACLE_HOME%/%SYMBOL%/server/lib" shaolue="B50A18AFC337C9E2EDB491782C2A6708C4AB28E4"/>
        <jar class_name="server/lib/wljmsra.rar/wlthint3client.jar/weblogic/work/RequestManager$ThreadLocalForceCleanupRequest.class" name="wljmsra.rar:wlthint3client.jar" path="%ORACLE_HOME%/%SYMBOL%/server/lib" shaolue="05A5BC5FFD67DB447C7A1F3D99E9DD394D2EA93E"/>
        <jar class_name="server/lib/wljmsra.rar/wlthint3client.jar/weblogic/work/RequestManager.class" name="wljmsra.rar:wlthint3client.jar" path="%ORACLE_HOME%/%SYMBOL%/server/lib" shaolue="ECBC6A3561AC3AEB29974DE709D8BFB6CD648B99"/>
        <jar class_name="server/lib/wljmsra.rar/wlthint3client.jar/weblogic/work/WorkManagerDumper.class" name="wljmsra.rar:wlthint3client.jar" path="%ORACLE_HOME%/%SYMBOL%/server/lib" shaolue="296BE35FF36DB81867397ECEDE7590487DDD8407"/>
        <jar class_name="server/lib/wljmsra.rar/wlthint3client.jar/weblogic/work/WorkManagerLogLocalizer.properties" name="wljmsra.rar:wlthint3client.jar" path="%ORACLE_HOME%/%SYMBOL%/server/lib" shaolue="F6300699DBE49BF9285BBE8D18BE75C1BBFD8CAF"/>
        <jar class_name="server/lib/wljmsra.rar/wlthint3client.jar/weblogic/work/WorkManagerLogger.class" name="wljmsra.rar:wlthint3client.jar" path="%ORACLE_HOME%/%SYMBOL%/server/lib" shaolue="1224DCEDD16D5E3E770916790C6674E20D1A8772"/>
    </oracle.wls.core.app.server>
</oneoff_actions>
